ticker,date,price,volume,return,next_price,log_return,ticker_mean_price,above_mean,rolling_5_mean,rolling_mean_5,rolling_10_vol,earnings_date,eps_est,days_to_earnings,sector,abs_days,earnings_bucket
AAPL,2024-01-01,174.91,3327,,131.2,,189.08825,False,,,,2024-01-15,2.1,14,tech,14,far
AAPL,2024-01-02,131.2,2930,-0.249899948544966,220.22,-0.28754867940898315,189.08825,False,,,,2024-01-15,2.1,13,tech,13,far
AAPL,2024-01-03,220.22,12589,0.6785060975609758,266.49,0.5179041701754565,189.08825,True,,,,2024-01-15,2.1,12,tech,12,far
AAPL,2024-01-04,266.49,3811,0.2101080737444374,160.85,0.19070967276427425,189.08825,True,,,,2024-01-15,2.1,11,tech,11,far
AAPL,2024-01-05,160.85,9338,-0.396412623362978,222.37,-0.504864465764684,189.08825,False,190.73399999999998,190.73399999999998,,2024-01-15,2.1,10,tech,10,soon
AAPL,2024-01-06,222.37,19227,0.3824681380167858,191.21,0.3238704075063053,189.08825,True,200.226,200.226,,2024-01-15,2.1,9,tech,9,soon
AAPL,2024-01-07,191.21,3385,-0.140126815667581,218.48,-0.15097036068647252,189.08825,True,212.22799999999998,212.22799999999998,,2024-01-15,2.1,8,tech,8,soon
AAPL,2024-01-08,218.48,9155,0.14261806390879128,113.01,0.1333221766605814,189.08825,True,211.87999999999997,211.87999999999997,,2024-01-15,2.1,7,tech,7,soon
AAPL,2024-01-09,113.01,15486,-0.48274441596484796,160.92,-0.6592181667933901,189.08825,False,181.184,181.184,,2024-01-15,2.1,6,tech,6,soon
AAPL,2024-01-10,160.92,17371,0.4239447836474646,124.41,0.3534310367095279,189.08825,False,181.198,181.198,,2024-01-15,2.1,5,tech,5,soon
AAPL,2024-01-11,124.41,6423,-0.22688292319164793,151.76,-0.2573247841551877,189.08825,False,161.606,161.606,0.3891509021380277,2024-01-15,2.1,4,tech,4,soon
AAPL,2024-01-12,151.76,8400,0.21983763363073705,209.34,0.19871776270035912,189.08825,False,153.71599999999998,153.71599999999998,0.3792783553891454,2024-01-15,2.1,3,tech,3,imminent
AAPL,2024-01-13,209.34,2154,0.37941486557722737,287.9,0.3216593987999791,189.08825,True,151.88799999999998,151.88799999999998,0.33629347273203924,2024-01-15,2.1,2,tech,2,imminent
AAPL,2024-01-14,287.9,13874,0.3752746727811216,117.7,0.3186534731913924,189.08825,True,186.86599999999999,186.86599999999999,0.3487878836567925,2024-01-15,2.1,1,tech,1,imminent
AAPL,2024-01-15,117.7,16586,-0.5911774921847863,177.74,-0.894474183351899,189.08825,False,178.222,178.222,0.38149090896299614,2024-01-15,2.1,0,tech,0,imminent
AAPL,2024-01-16,177.74,3200,0.5101104502973661,156.19,0.4121827940440981,189.08825,False,188.888,188.888,0.39578314050245206,2024-01-15,2.1,-1,tech,1,after
AAPL,2024-01-17,156.19,12969,-0.12124451445932272,114.91,-0.1292485934406982,189.08825,False,189.774,189.774,0.39476055281020256,2024-01-15,2.1,-2,tech,2,after
AAPL,2024-01-18,114.91,6699,-0.26429348869966063,101.1,-0.30692400160008865,189.08825,False,170.88799999999998,170.88799999999998,0.4064313873334778,2024-01-15,2.1,-3,tech,3,after
AAPL,2024-01-19,101.1,5735,-0.12018101122617708,254.25,-0.1280390872431167,189.08825,False,133.528,133.528,0.37100750942078786,2024-01-15,2.1,-4,tech,4,after
AAPL,2024-01-20,254.25,9050,1.5148367952522257,272.62,0.9222079089022437,189.08825,True,160.838,160.838,0.5875773772189553,2024-01-15,2.1,-5,tech,5,after
AAPL,2024-01-21,272.62,19077,0.07225172074729591,162.2,0.06976084921402759,189.08825,True,179.81400000000002,179.81400000000002,0.5726904515885498,2024-01-15,2.1,-6,tech,6,after
AAPL,2024-01-22,162.2,9754,-0.4050326461741619,277.44,-0.5192487424613845,189.08825,False,181.016,181.016,0.6032548956030933,2024-01-15,2.1,-7,tech,7,after
AAPL,2024-01-23,277.44,16636,0.7104808877928483,252.16,0.5367745519108645,189.08825,True,213.52200000000002,213.52200000000002,0.6267845693746291,2024-01-15,2.1,-8,tech,8,after
AAPL,2024-01-24,252.16,8996,-0.091118800461361,204.55,-0.09554088692266272,189.08825,True,243.734,243.734,0.6270081683681125,2024-01-15,2.1,-9,tech,9,after
AAPL,2024-01-25,204.55,12312,-0.18880869289340096,106.29,-0.20925136229410668,189.08825,True,233.794,233.794,0.5878846280499598,2024-01-15,2.1,-10,tech,10,after
AAPL,2024-01-26,106.29,11716,-0.48037154729894893,281.51,-0.6546412368299173,189.08825,False,200.528,200.528,0.6058268668153236,2024-01-15,2.1,-11,tech,11,after
AAPL,2024-01-27,281.51,15434,1.6485087966883052,145.76,0.9739967633819786,189.08825,True,224.39000000000001,224.39000000000001,0.7796835088362425,2024-01-15,2.1,-12,tech,12,after
AAPL,2024-01-28,145.76,1301,-0.48222088025292176,285.94,-0.6582065374158209,189.08825,False,198.054,198.054,0.7981601567094037,2024-01-15,2.1,-13,tech,13,after
AAPL,2024-01-29,285.94,1190,0.9617178924259058,260.73,0.6738205650893699,189.08825,True,204.81,204.81,0.8202705715869756,2024-01-15,2.1,-14,tech,14,after
AAPL,2024-01-30,260.73,7102,-0.08816534937399445,261.49,-0.09229660948353956,189.08825,True,216.046,216.046,0.7115640670224439,2024-01-15,2.1,-15,tech,15,after
AAPL,2024-01-31,261.49,6442,0.002914892800981894,145.59,0.0029106527385146484,189.08825,True,247.086,247.086,0.7129126322721279,2024-01-15,2.1,-16,tech,16,after
AAPL,2024-02-01,145.59,8455,-0.443229186584573,101.39,-0.5856015897707585,189.08825,False,219.902,219.902,0.7163631181313207,2024-01-15,2.1,-17,tech,17,after
AAPL,2024-02-02,101.39,4009,-0.30359227968953917,123.97,-0.36181998512074615,189.08825,False,211.02800000000002,211.02800000000002,0.7005901684602246,2024-01-15,2.1,-18,tech,18,after
AAPL,2024-02-03,123.97,13249,0.2227044087188086,203.76,0.20106513388556707,189.08825,False,178.634,178.634,0.7004178471350312,2024-01-15,2.1,-19,tech,19,after
AAPL,2024-02-04,203.76,13533,0.6436234572880535,292.49,0.49690322982114604,189.08825,True,167.24,167.24,0.7136098615174934,2024-01-15,2.1,-20,tech,20,after
AAPL,2024-02-05,292.49,17921,0.4354632901452691,156.97,0.3614876473820975,189.08825,True,173.44,173.44,0.6790582277691755,2024-01-15,2.1,-21,tech,21,after
AAPL,2024-02-06,156.97,9716,-0.4633320797292215,110.3,-0.6223757737661835,189.08825,False,175.716,175.716,0.5053475427722822,2024-01-15,2.1,-22,tech,22,after
AAPL,2024-02-07,110.3,13039,-0.2973179588456393,128.98,-0.3528507780276588,189.08825,False,177.498,177.498,0.48681037293763285,2024-01-15,2.1,-23,tech,23,after
AAPL,2024-02-08,128.98,11893,0.16935630099728005,234.43,0.15645342732277445,189.08825,False,178.5,178.5,0.37714671481961726,2024-01-15,2.1,-24,tech,24,after
AAPL,2024-02-09,234.43,1853,0.8175686152891923,,0.5974996822791954,189.08825,True,184.63400000000001,184.63400000000001,0.4571396021209396,2024-01-15,2.1,-25,tech,25,after
AMZN,2024-01-01,219.73,1197,,273.24,,201.08350000000002,True,,,,2024-01-25,0.8,24,consumer,24,far
AMZN,2024-01-02,273.24,10339,0.2435261457242981,293.98,0.21795100995447314,201.08350000000002,True,,,,2024-01-25,0.8,23,consumer,23,far
AMZN,2024-01-03,293.98,18043,0.07590396720831505,136.68,0.07316120795019306,201.08350000000002,True,,,,2024-01-25,0.8,22,consumer,22,far
AMZN,2024-01-04,136.68,2986,-0.5350704129532622,158.25,-0.7658693105667506,201.08350000000002,False,,,,2024-01-25,0.8,21,consumer,21,far
AMZN,2024-01-05,158.25,2734,0.1578138718173836,173.27,0.14653363377719442,201.08350000000002,False,216.37600000000003,216.37600000000003,,2024-01-25,0.8,20,consumer,20,far
AMZN,2024-01-06,173.27,6759,0.09491311216429699,202.85,0.09067501049846978,201.08350000000002,False,207.084,207.084,,2024-01-25,0.8,19,consumer,19,far
AMZN,2024-01-07,202.85,2802,0.1707162232354129,134.1,0.15761571812970085,201.08350000000002,True,193.006,193.006,,2024-01-25,0.8,18,consumer,18,far
AMZN,2024-01-08,134.1,15257,-0.3389203845205817,261.68,-0.4138809993648234,201.08350000000002,False,161.03,161.03,,2024-01-25,0.8,17,consumer,17,far
AMZN,2024-01-09,261.68,10208,0.9513795674869501,188.03,0.6685365929424957,201.08350000000002,True,186.03000000000003,186.03000000000003,,2024-01-25,0.8,16,consumer,16,far
AMZN,2024-01-10,188.03,3049,-0.2814506267196576,281.86,-0.3305208586627453,201.08350000000002,False,191.98600000000002,191.98600000000002,,2024-01-25,0.8,15,consumer,15,far
AMZN,2024-01-11,281.86,11248,0.49901611444982197,204.01,0.4048089691959819,201.08350000000002,True,213.704,213.704,0.4288145839501338,2024-01-25,0.8,14,consumer,14,far
AMZN,2024-01-12,204.01,19639,-0.27620095082665164,255.03,-0.32324148151272736,201.08350000000002,True,213.936,213.936,0.44130932783756466,2024-01-25,0.8,13,consumer,13,far
AMZN,2024-01-13,255.03,13183,0.2500857801088183,284.37,0.22321217304673946,201.08350000000002,True,238.122,238.122,0.44578072887004494,2024-01-25,0.8,12,consumer,12,far
AMZN,2024-01-14,284.37,10637,0.11504528878955411,165.07,0.1088950218356827,201.08350000000002,True,242.66,242.66,0.39202344534075123,2024-01-25,0.8,11,consumer,11,far
AMZN,2024-01-15,165.07,17482,-0.4195238597601716,171.35,-0.5439065807736103,201.08350000000002,False,238.06799999999998,238.06799999999998,0.4289402966985487,2024-01-25,0.8,10,consumer,10,soon
AMZN,2024-01-16,171.35,15207,0.03804446598412792,260.44,0.03733862196116819,201.08350000000002,False,215.96599999999998,215.96599999999998,0.42904610859733455,2024-01-25,0.8,9,consumer,9,soon
AMZN,2024-01-17,260.44,14992,0.5199299679019551,139.74,0.4186642600480435,201.08350000000002,True,227.252,227.252,0.45169448118962235,2024-01-25,0.8,8,consumer,8,soon
AMZN,2024-01-18,139.74,2218,-0.4634464751958224,245.8,-0.6225889552443565,201.08350000000002,False,204.19400000000002,204.19400000000002,0.46677986530132104,2024-01-25,0.8,7,consumer,7,soon
AMZN,2024-01-19,245.8,10146,0.7589809646486332,123.17,0.5647346440076298,201.08350000000002,True,196.48000000000002,196.48000000000002,0.42999679825742426,2024-01-25,0.8,6,consumer,6,soon
AMZN,2024-01-20,123.17,7893,-0.49890154597233527,112.71,-0.6909526821785417,201.08350000000002,False,188.10000000000002,188.10000000000002,0.4547574037169182,2024-01-25,0.8,5,consumer,5,soon
AMZN,2024-01-21,112.71,4436,-0.08492327677194134,227.51,-0.0887473666994058,201.08350000000002,False,176.372,176.372,0.4277094756554741,2024-01-25,0.8,4,consumer,4,soon
AMZN,2024-01-22,227.51,17609,1.0185431638718838,242.65,0.7023760452149355,201.08350000000002,True,169.786,169.786,0.5223555642082853,2024-01-25,0.8,3,consumer,3,imminent
AMZN,2024-01-23,242.65,6600,0.06654652542745376,198.76,0.06442588238230265,201.08350000000002,True,190.368,190.368,0.5206306333993476,2024-01-25,0.8,2,consumer,2,imminent
AMZN,2024-01-24,198.76,5642,-0.18087780754172678,121.58,-0.19952200911710538,201.08350000000002,False,180.95999999999998,180.95999999999998,0.5283508877680523,2024-01-25,0.8,1,consumer,1,imminent
AMZN,2024-01-25,121.58,19589,-0.38830750654055135,201.71,-0.49152558441354327,201.08350000000002,False,180.642,180.642,0.5251843275118705,2024-01-25,0.8,0,consumer,0,imminent
AMZN,2024-01-26,201.71,11757,0.6590722158249713,251.11,0.506258539992665,201.08350000000002,True,198.442,198.442,0.5556931617121887,2024-01-25,0.8,-1,consumer,1,after
AMZN,2024-01-27,251.11,4420,0.24490605324475734,132.24,0.2190600678283204,201.08350000000002,True,203.162,203.162,0.5414602291697593,2024-01-25,0.8,-2,consumer,2,after
AMZN,2024-01-28,132.24,1699,-0.473378200788499,274.29,-0.641272636628793,201.08350000000002,False,181.07999999999998,181.07999999999998,0.5426431989714002,2024-01-25,0.8,-3,consumer,3,after
AMZN,2024-01-29,274.29,3975,1.0741833030852996,207.87,0.7295674873316762,201.08350000000002,True,196.186,196.186,0.5913569308643453,2024-01-25,0.8,-4,consumer,4,after
AMZN,2024-01-30,207.87,1569,-0.24215246636771304,122.01,-0.2772730565370453,201.08350000000002,True,213.44400000000002,213.44400000000002,0.5653600215689046,2024-01-25,0.8,-5,consumer,5,after
AMZN,2024-01-31,122.01,13913,-0.4130466156732573,272.15,-0.5328098757201567,201.08350000000002,False,197.50400000000002,197.50400000000002,0.5907113754898954,2024-01-25,0.8,-6,consumer,6,after
AMZN,2024-02-01,272.15,19070,1.23055487255143,144.42,0.802250376292966,201.08350000000002,True,201.712,201.712,0.6284813854254138,2024-01-25,0.8,-7,consumer,7,after
AMZN,2024-02-02,144.42,2409,-0.46933676281462433,164.64,-0.6336276638571735,201.08350000000002,False,204.148,204.148,0.6592169050302064,2024-01-25,0.8,-8,consumer,8,after
AMZN,2024-02-03,164.64,8560,0.14000830909846274,294.36,0.13103555106270381,201.08350000000002,False,182.21800000000002,182.21800000000002,0.6515658928035204,2024-01-25,0.8,-9,consumer,9,after
AMZN,2024-02-04,294.36,6801,0.7879008746355687,160.18,0.5810422359726589,201.08350000000002,True,199.51600000000002,199.51600000000002,0.652515127962519,2024-01-25,0.8,-10,consumer,10,after
AMZN,2024-02-05,160.18,11647,-0.4558363908139693,200.54,-0.608505325162862,201.08350000000002,False,207.15,207.15,0.6705867015008679,2024-01-25,0.8,-11,consumer,11,after
AMZN,2024-02-06,200.54,3368,0.2519665376451492,147.91,0.2247155452002431,201.08350000000002,False,192.82800000000003,192.82800000000003,0.6707103486818875,2024-01-25,0.8,-12,consumer,12,after
AMZN,2024-02-07,147.91,5495,-0.26244140819786577,148.41,-0.30440974741250065,201.08350000000002,False,193.526,193.526,0.6522308840832405,2024-01-25,0.8,-13,consumer,13,after
AMZN,2024-02-08,148.41,11966,0.003380434047731695,245.64,0.0033747332244482473,201.08350000000002,False,190.28,190.28,0.5687935380095553,2024-01-25,0.8,-14,consumer,14,after
AMZN,2024-02-09,245.64,10907,0.6551445320396199,,0.5038883355534715,201.08350000000002,True,180.536,180.536,0.5868301195329001,2024-01-25,0.8,-15,consumer,15,after
GOOGL,2024-01-01,246.4,8777,,111.62,,197.77474999999998,True,,,,2024-01-22,1.2,21,tech,21,far
GOOGL,2024-01-02,111.62,16087,-0.5469967532467532,104.12,-0.7918559862990772,197.77474999999998,False,,,,2024-01-22,1.2,20,tech,20,far
GOOGL,2024-01-03,104.12,16708,-0.06719225945171114,136.36,-0.06955616523392287,197.77474999999998,False,,,,2024-01-22,1.2,19,tech,19,far
GOOGL,2024-01-04,136.36,7546,0.30964271993853254,186.39,0.2697543671433378,197.77474999999998,False,,,,2024-01-22,1.2,18,tech,18,far
GOOGL,2024-01-05,186.39,3911,0.3668964505720149,158.43,0.3125428054740096,197.77474999999998,False,156.978,156.978,,2024-01-22,1.2,17,tech,17,far
GOOGL,2024-01-06,158.43,19343,-0.1500080476420408,139.93,-0.16252839735676058,197.77474999999998,False,139.38400000000001,139.38400000000001,,2024-01-22,1.2,16,tech,16,far
GOOGL,2024-01-07,139.93,5736,-0.1167708136085337,221.51,-0.12417055781932944,197.77474999999998,False,145.046,145.046,,2024-01-22,1.2,15,tech,15,far
GOOGL,2024-01-08,221.51,7616,0.5830057886085898,293.13,0.45932543762534767,197.77474999999998,True,168.524,168.524,,2024-01-22,1.2,14,tech,14,far
GOOGL,2024-01-09,293.13,15075,0.3233262606654328,236.85,0.2801484614313917,197.77474999999998,True,199.878,199.878,,2024-01-22,1.2,13,tech,13,far
GOOGL,2024-01-10,236.85,14168,-0.1919967250025586,106.88,-0.21318916725460071,197.77474999999998,True,209.96999999999997,209.96999999999997,,2024-01-22,1.2,12,tech,12,far
GOOGL,2024-01-11,106.88,8158,-0.5487439307578637,162.34,-0.7957203195814252,197.77474999999998,False,199.66,199.66,0.38767356474118797,2024-01-22,1.2,11,tech,11,far
GOOGL,2024-01-12,162.34,16151,0.5188997005988025,293.92,0.41798619154469413,197.77474999999998,False,204.142,204.142,0.36777625619154397,2024-01-22,1.2,10,tech,10,soon
GOOGL,2024-01-13,293.92,7295,0.8105211284957496,219.58,0.5936147201337859,197.77474999999998,True,218.62399999999997,218.62399999999997,0.4232720795930707,2024-01-22,1.2,9,tech,9,soon
GOOGL,2024-01-14,219.58,6539,-0.2529259662493195,109.05,-0.29159099066022914,197.77474999999998,True,203.91400000000002,203.91400000000002,0.4426173333629104,2024-01-22,1.2,8,tech,8,soon
GOOGL,2024-01-15,109.05,6592,-0.503370070133892,265.75,-0.6999101381589483,197.77474999999998,False,178.35399999999998,178.35399999999998,0.47607632309085757,2024-01-22,1.2,7,tech,7,soon
GOOGL,2024-01-16,265.75,3961,1.4369555249885373,128.18,0.8907495245744192,197.77474999999998,True,210.128,210.128,0.6394912863937374,2024-01-22,1.2,6,tech,6,soon
GOOGL,2024-01-17,128.18,18340,-0.5176669802445908,254.45,-0.7291204911459764,197.77474999999998,False,203.296,203.296,0.6736216338000247,2024-01-22,1.2,5,tech,5,soon
GOOGL,2024-01-18,254.45,14446,0.985099079419566,241.37,0.6856688269587607,197.77474999999998,True,195.402,195.402,0.7121888778259033,2024-01-22,1.2,4,tech,4,soon
GOOGL,2024-01-19,241.37,5555,-0.05140499115739827,171.69,-0.05277332715633341,197.77474999999998,True,199.76,199.76,0.7151824827410497,2024-01-22,1.2,3,tech,3,imminent
GOOGL,2024-01-20,171.69,18429,-0.2886854207233708,166.18,-0.3406405007893877,197.77474999999998,False,212.288,212.288,0.7212263240770339,2024-01-22,1.2,2,tech,2,imminent
GOOGL,2024-01-21,166.18,15565,-0.032092725260644106,245.92,-0.03261898685228523,197.77474999999998,False,192.374,192.374,0.6823623508804377,2024-01-22,1.2,1,tech,1,imminent
GOOGL,2024-01-22,245.92,6895,0.4798411361174628,123.92,0.3919347415534503,197.77474999999998,True,215.92200000000003,215.92200000000003,0.6805104039093761,2024-01-22,1.2,0,tech,0,imminent
GOOGL,2024-01-23,123.92,10151,-0.49609629147690304,254.19,-0.6853700836816725,197.77474999999998,False,189.816,189.816,0.6771063327873976,2024-01-22,1.2,-1,tech,1,after
GOOGL,2024-01-24,254.19,13946,1.0512427372498387,105.08,0.7184458227698693,197.77474999999998,True,192.38,192.38,0.7302334337550489,2024-01-22,1.2,-2,tech,2,after
GOOGL,2024-01-25,105.08,9208,-0.5866084425036391,162.87,-0.8833600540611434,197.77474999999998,False,179.05800000000002,179.05800000000002,0.7396366090796446,2024-01-22,1.2,-3,tech,3,after
GOOGL,2024-01-26,162.87,4444,0.5499619337647508,182.08,0.43823037176813034,197.77474999999998,False,178.39600000000002,178.39600000000002,0.6176887928063393,2024-01-22,1.2,-4,tech,4,after
GOOGL,2024-01-27,182.08,19711,0.1179468287591332,157.95,0.11149381435249682,197.77474999999998,False,165.628,165.628,0.577385551702734,2024-01-22,1.2,-5,tech,5,after
GOOGL,2024-01-28,157.95,17990,-0.13252416520210908,226.68,-0.14216762368987204,197.77474999999998,False,172.434,172.434,0.5065263672443603,2024-01-22,1.2,-6,tech,6,after
GOOGL,2024-01-29,226.68,18364,0.4351377018043687,278.51,0.36126080405332445,197.77474999999998,True,166.932,166.932,0.5177556909131792,2024-01-22,1.2,-7,tech,7,after
GOOGL,2024-01-30,278.51,2816,0.22864831480501135,163.6,0.20591463406402097,197.77474999999998,True,201.618,201.618,0.49902089853713427,2024-01-22,1.2,-8,tech,8,after
GOOGL,2024-01-31,163.6,4863,-0.41258841693296466,263.6,-0.5320295411967928,197.77474999999998,False,201.764,201.764,0.5290298420565356,2024-01-22,1.2,-9,tech,9,after
GOOGL,2024-02-01,263.6,12093,0.6112469437652814,183.48,0.4770083784597056,197.77474999999998,True,218.06800000000004,218.06800000000004,0.5403749220511944,2024-01-22,1.2,-10,tech,10,after
GOOGL,2024-02-02,183.48,11729,-0.30394537177541736,288.58,-0.362327132899381,197.77474999999998,False,223.17399999999998,223.17399999999998,0.5183429610867585,2024-01-22,1.2,-11,tech,11,after
GOOGL,2024-02-03,288.58,9096,0.5728144756921736,172.73,0.4528666741401385,197.77474999999998,True,235.554,235.554,0.44314011029089967,2024-01-22,1.2,-12,tech,12,after
GOOGL,2024-02-04,172.73,8206,-0.4014484718275695,199.45,-0.5132426621639167,197.77474999999998,False,214.398,214.398,0.4137878584438646,2024-01-22,1.2,-13,tech,13,after
GOOGL,2024-02-05,199.45,19225,0.15469229433219467,221.91,0.14383389664622248,197.77474999999998,True,221.56799999999998,221.56799999999998,0.38684683432009864,2024-01-22,1.2,-14,tech,14,after
GOOGL,2024-02-06,221.91,5780,0.11260967661067944,281.65,0.10670831591647041,197.77474999999998,True,213.22999999999996,213.22999999999996,0.3868030705686028,2024-01-22,1.2,-15,tech,15,after
GOOGL,2024-02-07,281.65,9173,0.2692082375737912,297.13,0.238393271072837,197.77474999999998,True,232.86399999999998,232.86399999999998,0.3823683573903923,2024-01-22,1.2,-16,tech,16,after
GOOGL,2024-02-08,297.13,14121,0.05496183206106875,147.53,0.05350458813241802,197.77474999999998,True,234.57399999999998,234.57399999999998,0.3668729319032547,2024-01-22,1.2,-17,tech,17,after
GOOGL,2024-02-09,147.53,18532,-0.5034833237976644,,-0.7001382085436654,197.77474999999998,False,229.53399999999996,229.53399999999996,0.4067128943440969,2024-01-22,1.2,-18,tech,18,after
MSFT,2024-01-01,290.14,9004,,131.2,,193.76624999999999,True,,,,2024-01-18,1.9,17,tech,17,far
MSFT,2024-01-02,131.2,12774,-0.5478045081684704,241.61,-0.7936406886007675,193.76624999999999,False,,,,2024-01-18,1.9,16,tech,16,far
MSFT,2024-01-03,241.61,19895,0.8415396341463417,142.47,0.6106019794225755,193.76624999999999,True,,,,2024-01-18,1.9,15,tech,15,far
MSFT,2024-01-04,142.47,15243,-0.4103306982326891,204.95,-0.528193404703424,193.76624999999999,False,,,,2024-01-18,1.9,14,tech,14,far
MSFT,2024-01-05,204.95,12411,0.4385484663437915,127.9,0.3636345957212063,193.76624999999999,True,202.074,202.074,,2024-01-18,1.9,13,tech,13,far
MSFT,2024-01-06,127.9,9680,-0.37594535252500605,257.04,-0.4715173383655495,193.76624999999999,False,169.626,169.626,,2024-01-18,1.9,12,tech,12,far
MSFT,2024-01-07,257.04,12111,1.0096950742767787,109.29,0.6979830062228061,193.76624999999999,True,194.794,194.794,,2024-01-18,1.9,11,tech,11,far
MSFT,2024-01-08,109.29,9120,-0.574813258636788,289.78,-0.8552268151190209,193.76624999999999,False,168.32999999999998,168.32999999999998,,2024-01-18,1.9,10,tech,10,soon
MSFT,2024-01-09,289.78,17646,1.6514777198279802,119.53,0.975117114703994,193.76624999999999,True,197.792,197.792,,2024-01-18,1.9,9,tech,9,soon
MSFT,2024-01-10,119.53,12835,-0.5875146662985713,199.04,-0.8855546285026865,193.76624999999999,False,180.708,180.708,,2024-01-18,1.9,8,tech,8,soon
MSFT,2024-01-11,199.04,15589,0.6651886555676398,232.5,0.509938423660925,193.76624999999999,True,194.936,194.936,0.8117200439132269,2024-01-18,1.9,7,tech,7,soon
MSFT,2024-01-12,232.5,10874,0.16810691318327975,136.97,0.1553844154765964,193.76624999999999,True,190.02800000000002,190.02800000000002,0.767738497595034,2024-01-18,1.9,6,tech,6,soon
MSFT,2024-01-13,136.97,5499,-0.4108817204301075,278.97,-0.5291283012806811,193.76624999999999,False,195.564,195.564,0.7685800155062875,2024-01-18,1.9,5,tech,5,soon
MSFT,2024-01-14,278.97,19032,1.0367233700810399,139.2,0.7113423254114859,193.76624999999999,True,193.402,193.402,0.785851820430916,2024-01-18,1.9,4,tech,4,soon
MSFT,2024-01-15,139.2,3557,-0.5010216152274439,154.27,-0.6951925012578966,193.76624999999999,False,197.336,197.336,0.823009164094928,2024-01-18,1.9,3,tech,3,imminent
MSFT,2024-01-16,154.27,15172,0.10826149425287368,208.54,0.10279256612352897,193.76624999999999,False,188.382,188.382,0.7987148301985045,2024-01-18,1.9,2,tech,2,imminent
MSFT,2024-01-17,208.54,3869,0.3517858300382446,297.38,0.3014265553375989,193.76624999999999,True,183.59,183.59,0.7557211227777546,2024-01-18,1.9,1,tech,1,imminent
MSFT,2024-01-18,297.38,4987,0.426009398676513,263.09,0.3548799129076302,193.76624999999999,True,215.67200000000003,215.67200000000003,0.7078262897071692,2024-01-18,1.9,0,tech,0,imminent
MSFT,2024-01-19,263.09,12296,-0.11530701459412207,114.81,-0.12251460330700592,193.76624999999999,True,212.496,212.496,0.5281557604049641,2024-01-18,1.9,-1,tech,1,after
MSFT,2024-01-20,114.81,13757,-0.5636094112280968,224.66,-0.8292175908563507,193.76624999999999,False,207.618,207.618,0.5246697001995708,2024-01-18,1.9,-2,tech,2,after
MSFT,2024-01-21,224.66,15373,0.9567981883111227,165.04,0.6713095601077026,193.76624999999999,True,221.696,221.696,0.5650986066111405,2024-01-18,1.9,-3,tech,3,after
MSFT,2024-01-22,165.04,11677,-0.26537879462298586,194.44,-0.3084002794504268,193.76624999999999,False,212.996,212.996,0.5796271761437085,2024-01-18,1.9,-4,tech,4,after
MSFT,2024-01-23,194.44,8022,0.17813863305865252,212.26,0.16393576341425842,193.76624999999999,True,192.408,192.408,0.5508948033413092,2024-01-18,1.9,-5,tech,5,after
MSFT,2024-01-24,212.26,10007,0.09164780909277925,185.51,0.08768830615642167,193.76624999999999,True,182.24200000000002,182.24200000000002,0.4570948034622053,2024-01-18,1.9,-6,tech,6,after
MSFT,2024-01-25,185.51,8679,-0.12602468670498446,227.28,-0.13470314938339464,193.76624999999999,False,196.382,196.382,0.41914851496361744,2024-01-18,1.9,-7,tech,7,after
MSFT,2024-01-26,227.28,18453,0.22516306398576913,149.86,0.20307394859565084,193.76624999999999,True,196.906,196.906,0.4208999290229299,2024-01-18,1.9,-8,tech,8,after
MSFT,2024-01-27,149.86,2060,-0.3406370996128123,115.4,-0.41648121260976767,193.76624999999999,False,193.87,193.87,0.4345215355490527,2024-01-18,1.9,-9,tech,9,after
MSFT,2024-01-28,115.4,13468,-0.22994795142132662,261.62,-0.26129717086216553,193.76624999999999,False,178.06199999999998,178.06199999999998,0.4201699287623776,2024-01-18,1.9,-10,tech,10,after
MSFT,2024-01-29,261.62,11492,1.2670710571923745,137.31,0.8184887151860818,193.76624999999999,True,187.93400000000003,187.93400000000003,0.5814023979474655,2024-01-18,1.9,-11,tech,11,after
MSFT,2024-01-30,137.31,18568,-0.47515480467854143,279.22,-0.6446519259264206,193.76624999999999,False,178.294,178.294,0.5704270970921929,2024-01-18,1.9,-12,tech,12,after
MSFT,2024-01-31,279.22,2895,1.033500837520938,185.42,0.7097588582268415,193.76624999999999,True,188.68200000000002,188.68200000000002,0.5831804519938066,2024-01-18,1.9,-13,tech,13,after
MSFT,2024-02-01,185.42,5014,-0.3359358212162453,202.15,-0.40937647938166566,193.76624999999999,False,195.794,195.794,0.5889720538233644,2024-01-18,1.9,-14,tech,14,after
MSFT,2024-02-02,202.15,17538,0.0902275914140871,167.52,0.08638647390794367,193.76624999999999,True,213.144,213.144,0.5888095589097063,2024-01-18,1.9,-15,tech,15,after
MSFT,2024-02-03,167.52,1784,-0.17130843433094234,240.6,-0.1879072489645531,193.76624999999999,False,194.324,194.324,0.5960432213180972,2024-01-18,1.9,-16,tech,16,after
MSFT,2024-02-04,240.6,8343,0.43624641833810873,150.36,0.36203305641835165,193.76624999999999,True,214.98200000000003,214.98200000000003,0.5995236189482674,2024-01-18,1.9,-17,tech,17,after
MSFT,2024-02-05,150.36,6986,-0.3750623441396508,107.38,-0.4701033848446011,193.76624999999999,False,189.20999999999998,189.20999999999998,0.6208218567171424,2024-01-18,1.9,-18,tech,18,after
MSFT,2024-02-06,107.38,13323,-0.2858472998137803,155.73,-0.3366584737015539,193.76624999999999,False,173.602,173.602,0.6168289563921739,2024-01-18,1.9,-19,tech,19,after
MSFT,2024-02-07,155.73,7655,0.45027006891413657,197.89,0.37174979351282383,193.76624999999999,False,164.31799999999998,164.31799999999998,0.614468346995718,2024-01-18,1.9,-20,tech,20,after
MSFT,2024-02-08,197.89,14403,0.27072497270917606,252.32,0.23958758225356486,193.76624999999999,True,170.392,170.392,0.482159711776218,2024-01-18,1.9,-21,tech,21,after
MSFT,2024-02-09,252.32,17958,0.2750517964525747,,0.24298680245391602,193.76624999999999,True,172.736,172.736,0.4459978538580336,2024-01-18,1.9,-22,tech,22,after
